{
	"credit": "Made with Blockbench",
	"texture_size": [64, 64],
	"textures": {
		"0": "block/aphile_portal_frame_texture_1",
		"particle": "block/aphile_portal_frame_texture_1"
	},
	"elements": [
		{
			"from": [0, 0, 0],
			"to": [16, 16, 16],
			"faces": {
				"north": {"uv": [4, 4, 8, 8], "texture": "#0"},
				"east": {"uv": [0, 4, 4, 8], "texture": "#0"},
				"south": {"uv": [12, 4, 16, 8], "texture": "#0"},
				"west": {"uv": [8, 4, 12, 8], "texture": "#0"},
				"up": {"uv": [8, 4, 4, 0], "texture": "#0"},
				"down": {"uv": [12, 0, 8, 4], "texture": "#0"}
			}
		},
		{
			"from": [7, 16, 3],
			"to": [9, 17, 13],
			"faces": {
				"north": {"uv": [2.5, 10.5, 3, 10.75], "texture": "#0"},
				"east": {"uv": [0, 10.5, 2.5, 10.75], "texture": "#0"},
				"south": {"uv": [5.5, 10.5, 6, 10.75], "texture": "#0"},
				"west": {"uv": [3, 10.5, 5.5, 10.75], "texture": "#0"},
				"up": {"uv": [3, 10.5, 2.5, 8], "texture": "#0"},
				"down": {"uv": [3.5, 8, 3, 10.5], "texture": "#0"}
			}
		},
		{
			"from": [6, 16, 4],
			"to": [7, 17, 12],
			"faces": {
				"north": {"uv": [2, 10, 2.25, 10.25], "texture": "#0"},
				"east": {"uv": [0, 10, 2, 10.25], "texture": "#0"},
				"south": {"uv": [4.25, 10, 4.5, 10.25], "texture": "#0"},
				"west": {"uv": [2.25, 10, 4.25, 10.25], "texture": "#0"},
				"up": {"uv": [2.25, 10, 2, 8], "texture": "#0"},
				"down": {"uv": [2.5, 8, 2.25, 10], "texture": "#0"}
			}
		},
		{
			"from": [3, 16, 7],
			"to": [4, 17, 9],
			"faces": {
				"north": {"uv": [0.5, 8.5, 0.75, 8.75], "texture": "#0"},
				"east": {"uv": [0, 8.5, 0.5, 8.75], "texture": "#0"},
				"south": {"uv": [1.25, 8.5, 1.5, 8.75], "texture": "#0"},
				"west": {"uv": [0.75, 8.5, 1.25, 8.75], "texture": "#0"},
				"up": {"uv": [0.75, 8.5, 0.5, 8], "texture": "#0"},
				"down": {"uv": [1, 8, 0.75, 8.5], "texture": "#0"}
			}
		},
		{
			"from": [4, 16, 6],
			"to": [5, 17, 10],
			"faces": {
				"north": {"uv": [1, 9, 1.25, 9.25], "texture": "#0"},
				"east": {"uv": [0, 9, 1, 9.25], "texture": "#0"},
				"south": {"uv": [2.25, 9, 2.5, 9.25], "texture": "#0"},
				"west": {"uv": [1.25, 9, 2.25, 9.25], "texture": "#0"},
				"up": {"uv": [1.25, 9, 1, 8], "texture": "#0"},
				"down": {"uv": [1.5, 8, 1.25, 9], "texture": "#0"}
			}
		},
		{
			"from": [5, 16, 5],
			"to": [6, 17, 11],
			"faces": {
				"north": {"uv": [1.5, 9.5, 1.75, 9.75], "texture": "#0"},
				"east": {"uv": [0, 9.5, 1.5, 9.75], "texture": "#0"},
				"south": {"uv": [3.25, 9.5, 3.5, 9.75], "texture": "#0"},
				"west": {"uv": [1.75, 9.5, 3.25, 9.75], "texture": "#0"},
				"up": {"uv": [1.75, 9.5, 1.5, 8], "texture": "#0"},
				"down": {"uv": [2, 8, 1.75, 9.5], "texture": "#0"}
			}
		},
		{
			"from": [12, 16, 7],
			"to": [13, 17, 9],
			"faces": {
				"north": {"uv": [0.5, 8.5, 0.75, 8.75], "texture": "#0"},
				"east": {"uv": [0, 8.5, 0.5, 8.75], "texture": "#0"},
				"south": {"uv": [1.25, 8.5, 1.5, 8.75], "texture": "#0"},
				"west": {"uv": [0.75, 8.5, 1.25, 8.75], "texture": "#0"},
				"up": {"uv": [0.75, 8.5, 0.5, 8], "texture": "#0"},
				"down": {"uv": [1, 8, 0.75, 8.5], "texture": "#0"}
			}
		},
		{
			"from": [9, 16, 4],
			"to": [10, 17, 12],
			"faces": {
				"north": {"uv": [2, 10, 2.25, 10.25], "texture": "#0"},
				"east": {"uv": [0, 10, 2, 10.25], "texture": "#0"},
				"south": {"uv": [4.25, 10, 4.5, 10.25], "texture": "#0"},
				"west": {"uv": [2.25, 10, 4.25, 10.25], "texture": "#0"},
				"up": {"uv": [2.25, 10, 2, 8], "texture": "#0"},
				"down": {"uv": [2.5, 8, 2.25, 10], "texture": "#0"}
			}
		},
		{
			"from": [10, 16, 5],
			"to": [11, 17, 11],
			"faces": {
				"north": {"uv": [1.5, 9.5, 1.75, 9.75], "texture": "#0"},
				"east": {"uv": [0, 9.5, 1.5, 9.75], "texture": "#0"},
				"south": {"uv": [3.25, 9.5, 3.5, 9.75], "texture": "#0"},
				"west": {"uv": [1.75, 9.5, 3.25, 9.75], "texture": "#0"},
				"up": {"uv": [1.75, 9.5, 1.5, 8], "texture": "#0"},
				"down": {"uv": [2, 8, 1.75, 9.5], "texture": "#0"}
			}
		},
		{
			"from": [11, 16, 6],
			"to": [12, 17, 10],
			"faces": {
				"north": {"uv": [1, 9, 1.25, 9.25], "texture": "#0"},
				"east": {"uv": [0, 9, 1, 9.25], "texture": "#0"},
				"south": {"uv": [2.25, 9, 2.5, 9.25], "texture": "#0"},
				"west": {"uv": [1.25, 9, 2.25, 9.25], "texture": "#0"},
				"up": {"uv": [1.25, 9, 1, 8], "texture": "#0"},
				"down": {"uv": [1.5, 8, 1.25, 9], "texture": "#0"}
			}
		},
		{
			"from": [-1, 14, -1],
			"to": [2, 15, 2],
			"faces": {
				"north": {"uv": [0.75, 8.75, 1.5, 9], "texture": "#0"},
				"east": {"uv": [0, 8.75, 0.75, 9], "texture": "#0"},
				"south": {"uv": [2.25, 8.75, 3, 9], "texture": "#0"},
				"west": {"uv": [1.5, 8.75, 2.25, 9], "texture": "#0"},
				"up": {"uv": [1.5, 8.75, 0.75, 8], "texture": "#0"},
				"down": {"uv": [2.25, 8, 1.5, 8.75], "texture": "#0"}
			}
		},
		{
			"from": [-1, 14, 14],
			"to": [2, 15, 17],
			"faces": {
				"north": {"uv": [0.75, 8.75, 1.5, 9], "texture": "#0"},
				"east": {"uv": [0, 8.75, 0.75, 9], "texture": "#0"},
				"south": {"uv": [2.25, 8.75, 3, 9], "texture": "#0"},
				"west": {"uv": [1.5, 8.75, 2.25, 9], "texture": "#0"},
				"up": {"uv": [1.5, 8.75, 0.75, 8], "texture": "#0"},
				"down": {"uv": [2.25, 8, 1.5, 8.75], "texture": "#0"}
			}
		},
		{
			"from": [14, 14, 14],
			"to": [17, 15, 17],
			"faces": {
				"north": {"uv": [0.75, 8.75, 1.5, 9], "texture": "#0"},
				"east": {"uv": [0, 8.75, 0.75, 9], "texture": "#0"},
				"south": {"uv": [2.25, 8.75, 3, 9], "texture": "#0"},
				"west": {"uv": [1.5, 8.75, 2.25, 9], "texture": "#0"},
				"up": {"uv": [1.5, 8.75, 0.75, 8], "texture": "#0"},
				"down": {"uv": [2.25, 8, 1.5, 8.75], "texture": "#0"}
			}
		},
		{
			"from": [14, 14, -1],
			"to": [17, 15, 2],
			"faces": {
				"north": {"uv": [0.75, 8.75, 1.5, 9], "texture": "#0"},
				"east": {"uv": [0, 8.75, 0.75, 9], "texture": "#0"},
				"south": {"uv": [2.25, 8.75, 3, 9], "texture": "#0"},
				"west": {"uv": [1.5, 8.75, 2.25, 9], "texture": "#0"},
				"up": {"uv": [1.5, 8.75, 0.75, 8], "texture": "#0"},
				"down": {"uv": [2.25, 8, 1.5, 8.75], "texture": "#0"}
			}
		},
		{
			"from": [-1, 1, -1],
			"to": [2, 2, 2],
			"faces": {
				"north": {"uv": [0.75, 8.75, 1.5, 9], "texture": "#0"},
				"east": {"uv": [0, 8.75, 0.75, 9], "texture": "#0"},
				"south": {"uv": [2.25, 8.75, 3, 9], "texture": "#0"},
				"west": {"uv": [1.5, 8.75, 2.25, 9], "texture": "#0"},
				"up": {"uv": [1.5, 8.75, 0.75, 8], "texture": "#0"},
				"down": {"uv": [2.25, 8, 1.5, 8.75], "texture": "#0"}
			}
		},
		{
			"from": [-1, 1, 14],
			"to": [2, 2, 17],
			"faces": {
				"north": {"uv": [0.75, 8.75, 1.5, 9], "texture": "#0"},
				"east": {"uv": [0, 8.75, 0.75, 9], "texture": "#0"},
				"south": {"uv": [2.25, 8.75, 3, 9], "texture": "#0"},
				"west": {"uv": [1.5, 8.75, 2.25, 9], "texture": "#0"},
				"up": {"uv": [1.5, 8.75, 0.75, 8], "texture": "#0"},
				"down": {"uv": [2.25, 8, 1.5, 8.75], "texture": "#0"}
			}
		},
		{
			"from": [14, 1, 14],
			"to": [17, 2, 17],
			"faces": {
				"north": {"uv": [0.75, 8.75, 1.5, 9], "texture": "#0"},
				"east": {"uv": [0, 8.75, 0.75, 9], "texture": "#0"},
				"south": {"uv": [2.25, 8.75, 3, 9], "texture": "#0"},
				"west": {"uv": [1.5, 8.75, 2.25, 9], "texture": "#0"},
				"up": {"uv": [1.5, 8.75, 0.75, 8], "texture": "#0"},
				"down": {"uv": [2.25, 8, 1.5, 8.75], "texture": "#0"}
			}
		},
		{
			"from": [14, 1, -1],
			"to": [17, 2, 2],
			"faces": {
				"north": {"uv": [0.75, 8.75, 1.5, 9], "texture": "#0"},
				"east": {"uv": [0, 8.75, 0.75, 9], "texture": "#0"},
				"south": {"uv": [2.25, 8.75, 3, 9], "texture": "#0"},
				"west": {"uv": [1.5, 8.75, 2.25, 9], "texture": "#0"},
				"up": {"uv": [1.5, 8.75, 0.75, 8], "texture": "#0"},
				"down": {"uv": [2.25, 8, 1.5, 8.75], "texture": "#0"}
			}
		},
		{
			"from": [-1, 10, -1],
			"to": [2, 11, 2],
			"faces": {
				"north": {"uv": [0.75, 8.75, 1.5, 9], "texture": "#0"},
				"east": {"uv": [0, 8.75, 0.75, 9], "texture": "#0"},
				"south": {"uv": [2.25, 8.75, 3, 9], "texture": "#0"},
				"west": {"uv": [1.5, 8.75, 2.25, 9], "texture": "#0"},
				"up": {"uv": [1.5, 8.75, 0.75, 8], "texture": "#0"},
				"down": {"uv": [2.25, 8, 1.5, 8.75], "texture": "#0"}
			}
		},
		{
			"from": [-1, 10, 14],
			"to": [2, 11, 17],
			"faces": {
				"north": {"uv": [0.75, 8.75, 1.5, 9], "texture": "#0"},
				"east": {"uv": [0, 8.75, 0.75, 9], "texture": "#0"},
				"south": {"uv": [2.25, 8.75, 3, 9], "texture": "#0"},
				"west": {"uv": [1.5, 8.75, 2.25, 9], "texture": "#0"},
				"up": {"uv": [1.5, 8.75, 0.75, 8], "texture": "#0"},
				"down": {"uv": [2.25, 8, 1.5, 8.75], "texture": "#0"}
			}
		},
		{
			"from": [14, 10, 14],
			"to": [17, 11, 17],
			"faces": {
				"north": {"uv": [0.75, 8.75, 1.5, 9], "texture": "#0"},
				"east": {"uv": [0, 8.75, 0.75, 9], "texture": "#0"},
				"south": {"uv": [2.25, 8.75, 3, 9], "texture": "#0"},
				"west": {"uv": [1.5, 8.75, 2.25, 9], "texture": "#0"},
				"up": {"uv": [1.5, 8.75, 0.75, 8], "texture": "#0"},
				"down": {"uv": [2.25, 8, 1.5, 8.75], "texture": "#0"}
			}
		},
		{
			"from": [14, 10, -1],
			"to": [17, 11, 2],
			"faces": {
				"north": {"uv": [0.75, 8.75, 1.5, 9], "texture": "#0"},
				"east": {"uv": [0, 8.75, 0.75, 9], "texture": "#0"},
				"south": {"uv": [2.25, 8.75, 3, 9], "texture": "#0"},
				"west": {"uv": [1.5, 8.75, 2.25, 9], "texture": "#0"},
				"up": {"uv": [1.5, 8.75, 0.75, 8], "texture": "#0"},
				"down": {"uv": [2.25, 8, 1.5, 8.75], "texture": "#0"}
			}
		},
		{
			"from": [-1, 5, -1],
			"to": [2, 6, 2],
			"faces": {
				"north": {"uv": [0.75, 8.75, 1.5, 9], "texture": "#0"},
				"east": {"uv": [0, 8.75, 0.75, 9], "texture": "#0"},
				"south": {"uv": [2.25, 8.75, 3, 9], "texture": "#0"},
				"west": {"uv": [1.5, 8.75, 2.25, 9], "texture": "#0"},
				"up": {"uv": [1.5, 8.75, 0.75, 8], "texture": "#0"},
				"down": {"uv": [2.25, 8, 1.5, 8.75], "texture": "#0"}
			}
		},
		{
			"from": [-1, 5, 14],
			"to": [2, 6, 17],
			"faces": {
				"north": {"uv": [0.75, 8.75, 1.5, 9], "texture": "#0"},
				"east": {"uv": [0, 8.75, 0.75, 9], "texture": "#0"},
				"south": {"uv": [2.25, 8.75, 3, 9], "texture": "#0"},
				"west": {"uv": [1.5, 8.75, 2.25, 9], "texture": "#0"},
				"up": {"uv": [1.5, 8.75, 0.75, 8], "texture": "#0"},
				"down": {"uv": [2.25, 8, 1.5, 8.75], "texture": "#0"}
			}
		},
		{
			"from": [14, 5, 14],
			"to": [17, 6, 17],
			"faces": {
				"north": {"uv": [0.75, 8.75, 1.5, 9], "texture": "#0"},
				"east": {"uv": [0, 8.75, 0.75, 9], "texture": "#0"},
				"south": {"uv": [2.25, 8.75, 3, 9], "texture": "#0"},
				"west": {"uv": [1.5, 8.75, 2.25, 9], "texture": "#0"},
				"up": {"uv": [1.5, 8.75, 0.75, 8], "texture": "#0"},
				"down": {"uv": [2.25, 8, 1.5, 8.75], "texture": "#0"}
			}
		},
		{
			"from": [14, 5, -1],
			"to": [17, 6, 2],
			"faces": {
				"north": {"uv": [0.75, 8.75, 1.5, 9], "texture": "#0"},
				"east": {"uv": [0, 8.75, 0.75, 9], "texture": "#0"},
				"south": {"uv": [2.25, 8.75, 3, 9], "texture": "#0"},
				"west": {"uv": [1.5, 8.75, 2.25, 9], "texture": "#0"},
				"up": {"uv": [1.5, 8.75, 0.75, 8], "texture": "#0"},
				"down": {"uv": [2.25, 8, 1.5, 8.75], "texture": "#0"}
			}
		}
	],
	"groups": [
		0,
		{
			"name": "group",
			"origin": [0, 0, 0],
			"color": 0,
			"children": [1, 2, 3, 4, 5, 6, 7, 8, 9]
		},
		{
			"name": "rings",
			"origin": [0, 0, 0],
			"color": 0,
			"children": [10, 11, 12, 13, 14, 15, 16, 17, 18, 19, 20, 21, 22, 23, 24, 25]
		}
	]
}