{
  "_fv": 28,
  "_type": "recipe",
  "definition": {
    "recipeType": "Crafting",
    "xpReward": 0.0,
    "cookingTime": 200,
    "recipeRetstackSize": 1,
    "group": "",
    "recipeShapeless": false,
    "recipeSlots": [
      {
        "value": "CUSTOM:MysticeGem"
      },
      {
        "value": "CUSTOM:MysticeGem"
      },
      {
        "value": "CUSTOM:MysticeGem"
      },
      {
        "value": "CUSTOM:MysticeGem"
      },
      {
        "value": "CUSTOM:ColdiumBlock"
      },
      {
        "value": "CUSTOM:MysticeGem"
      },
      {
        "value": "CUSTOM:MysticeGem"
      },
      {
        "value": "CUSTOM:MysticeGem"
      },
      {
        "value": "CUSTOM:MysticeGem"
      }
    ],
    "recipeReturnStack": {
      "value": "CUSTOM:MystiumIngot"
    },
    "name": "mystium_ore_smelting",
    "namespace": "mod"
  }
}