{
  "display": {
    "background": "minecraft:textures/block/stone.png",
    "icon": {
      "item": "mysdice:mystium_hoe"
    },
    "title": {
      "translate": "advancements.extremely_dedicated.title"
    },
    "description": {
      "translate": "advancements.extremely_dedicated.descr"
    },
    "frame": "task",
    "show_toast": true,
    "announce_to_chat": true,
    "hidden": true
  },
  "criteria": {
    "extremely_dedicated": {
      "trigger": "minecraft:inventory_changed",
      "conditions": {
        "items": [
          {
            "items": [
              "mysdice:mystium_hoe"
            ],
            "count": {
              "min": 1,
              "max": 1
            }
          }
        ]
      }
    }
  },
  "rewards": {
    "experience": 10
  }
}