{
	"format_version": "1.8.0",
	"animations": {
		"animation.model.walk": {
			"loop": true,
			"animation_length": 4,
			"bones": {
				"leg0": {
					"rotation": {
						"0.0": {
							"vector": [0, 0, 0]
						},
						"1.0": {
							"vector": [20, 0, 0],
							"easing": "linear"
						},
						"3.0": {
							"vector": [-25, 0, 0],
							"easing": "linear"
						},
						"4.0": {
							"vector": [0, 0, 0],
							"easing": "linear"
						}
					}
				},
				"leg1": {
					"rotation": {
						"0.0": {
							"vector": [0, 0, 0]
						},
						"1.0": {
							"vector": [-25, 0, 0],
							"easing": "linear"
						},
						"3.0": {
							"vector": [20, 0, 0],
							"easing": "linear"
						},
						"4.0": {
							"vector": [0, 0, 0],
							"easing": "linear"
						}
					}
				}
			}
		}
	}
}