{
  "display": {
    "background": "minecraft:textures/block/stone.png",
    "icon": {
      "item": "mysdice:mystice_dimension"
    },
    "title": {
      "translate": "advancements.a_mystical_chill.title"
    },
    "description": {
      "translate": "advancements.a_mystical_chill.descr"
    },
    "frame": "task",
    "show_toast": true,
    "announce_to_chat": true,
    "hidden": false
  },
  "criteria": {
    "a_mystical_chill": {
      "trigger": "minecraft:changed_dimension",
      "conditions": {
        "to": "mysdice:mystice_dimension"
      }
    }
  }
}