{
	"credit": "Made with Blockbench",
	"texture_size": [64, 64],
	"textures": {
		"0": "block/icebeastsummonertexture",
		"particle": "block/icebeastsummonertexture"
	},
	"elements": [
		{
			"from": [0, 0, 0],
			"to": [16, 4, 16],
			"faces": {
				"north": {"uv": [4, 13, 8, 14], "texture": "#0"},
				"east": {"uv": [0, 13, 4, 14], "texture": "#0"},
				"south": {"uv": [12, 13, 16, 14], "texture": "#0"},
				"west": {"uv": [8, 13, 12, 14], "texture": "#0"},
				"up": {"uv": [8, 13, 4, 9], "texture": "#0"},
				"down": {"uv": [12, 9, 8, 13], "texture": "#0"}
			}
		},
		{
			"from": [0, 4, 0],
			"to": [1, 5, 16],
			"faces": {
				"north": {"uv": [8, 8.75, 8.25, 9], "texture": "#0"},
				"east": {"uv": [4, 8.75, 8, 9], "texture": "#0"},
				"south": {"uv": [12.25, 8.75, 12.5, 9], "texture": "#0"},
				"west": {"uv": [8.25, 8.75, 12.25, 9], "texture": "#0"},
				"up": {"uv": [8.25, 8.75, 8, 4.75], "texture": "#0"},
				"down": {"uv": [8.5, 4.75, 8.25, 8.75], "texture": "#0"}
			}
		},
		{
			"from": [15, 4, 0],
			"to": [16, 5, 16],
			"faces": {
				"north": {"uv": [11.5, 4, 11.75, 4.25], "texture": "#0"},
				"east": {"uv": [7.5, 4, 11.5, 4.25], "texture": "#0"},
				"south": {"uv": [15.75, 4, 16, 4.25], "texture": "#0"},
				"west": {"uv": [11.75, 4, 15.75, 4.25], "texture": "#0"},
				"up": {"uv": [11.75, 4, 11.5, 0], "texture": "#0"},
				"down": {"uv": [12, 0, 11.75, 4], "texture": "#0"}
			}
		},
		{
			"from": [1, 4, 0],
			"to": [15, 5, 1],
			"faces": {
				"north": {"uv": [8.25, 4.5, 11.75, 4.75], "texture": "#0"},
				"east": {"uv": [8, 4.5, 8.25, 4.75], "texture": "#0"},
				"south": {"uv": [12, 4.5, 15.5, 4.75], "texture": "#0"},
				"west": {"uv": [11.75, 4.5, 12, 4.75], "texture": "#0"},
				"up": {"uv": [11.75, 4.5, 8.25, 4.25], "texture": "#0"},
				"down": {"uv": [15.25, 4.25, 11.75, 4.5], "texture": "#0"}
			}
		},
		{
			"from": [1, 4, 15],
			"to": [15, 5, 16],
			"faces": {
				"north": {"uv": [8.5, 5.25, 12, 5.5], "texture": "#0"},
				"east": {"uv": [8.25, 5.25, 8.5, 5.5], "texture": "#0"},
				"south": {"uv": [12.25, 5.25, 15.75, 5.5], "texture": "#0"},
				"west": {"uv": [12, 5.25, 12.25, 5.5], "texture": "#0"},
				"up": {"uv": [12, 5.25, 8.5, 5], "texture": "#0"},
				"down": {"uv": [15.5, 5, 12, 5.25], "texture": "#0"}
			}
		},
		{
			"from": [6, 4, 6],
			"to": [10, 5, 10],
			"faces": {
				"north": {"uv": [12.75, 1, 13.75, 1.25], "texture": "#0"},
				"east": {"uv": [11.75, 1, 12.75, 1.25], "texture": "#0"},
				"south": {"uv": [14.75, 1, 15.75, 1.25], "texture": "#0"},
				"west": {"uv": [13.75, 1, 14.75, 1.25], "texture": "#0"},
				"up": {"uv": [13.75, 1, 12.75, 0], "texture": "#0"},
				"down": {"uv": [14.75, 0, 13.75, 1], "texture": "#0"}
			}
		},
		{
			"from": [7, 5, 7],
			"to": [9, 10, 9],
			"faces": {
				"north": {"uv": [0.5, 0.5, 1, 1.75], "texture": "#0"},
				"east": {"uv": [0, 0.5, 0.5, 1.75], "texture": "#0"},
				"south": {"uv": [1.5, 0.5, 2, 1.75], "texture": "#0"},
				"west": {"uv": [1, 0.5, 1.5, 1.75], "texture": "#0"},
				"up": {"uv": [1, 0.5, 0.5, 0], "texture": "#0"},
				"down": {"uv": [1.5, 0, 1, 0.5], "texture": "#0"}
			}
		},
		{
			"from": [5, 10, 5],
			"to": [11, 12, 11],
			"faces": {
				"north": {"uv": [1.5, 1.5, 3, 2], "texture": "#0"},
				"east": {"uv": [0, 1.5, 1.5, 2], "texture": "#0"},
				"south": {"uv": [4.5, 1.5, 6, 2], "texture": "#0"},
				"west": {"uv": [3, 1.5, 4.5, 2], "texture": "#0"},
				"up": {"uv": [3, 1.5, 1.5, 0], "texture": "#0"},
				"down": {"uv": [4.5, 0, 3, 1.5], "texture": "#0"}
			}
		}
	]
}