{
  "_fv": 28,
  "_type": "achievement",
  "definition": {
    "achievementName": "A Mystical Chill",
    "achievementDescription": "Enter the Mystice Dimension.",
    "achievementIcon": {
      "value": "CUSTOM:MysticeDimension"
    },
    "background": "Default",
    "disableDisplay": false,
    "showPopup": true,
    "announceToChat": true,
    "hideIfNotCompleted": false,
    "rewardLoot": [],
    "rewardRecipes": [],
    "rewardFunction": "No function",
    "rewardXP": 0,
    "achievementType": "task",
    "parent": {
      "value": "No parent: root"
    },
    "triggerxml": "<xml xmlns=\"https://developers.google.com/blockly/xml\"><block type=\"dimension_entered\" x=\"38\" y=\"51\"><field name=\"dimension\">CUSTOM:MysticeDimension</field><next><block type=\"advancement_trigger\" deletable=\"false\"></block></next></block></xml>"
  }
}