{
  "_fv": 28,
  "_type": "armor",
  "definition": {
    "enableHelmet": true,
    "textureHelmet": "eternal_head",
    "enableBody": true,
    "textureBody": "eternal_body",
    "enableLeggings": true,
    "textureLeggings": "eternal_leggings",
    "enableBoots": true,
    "textureBoots": "eternal_boots",
    "creativeTab": {
      "value": "COMBAT"
    },
    "armorTextureFile": "eternal",
    "helmetName": "Eternal Helmet",
    "bodyName": "Eternal Chestplate",
    "leggingsName": "Eternal Leggings",
    "bootsName": "Eternal Boots",
    "helmetSpecialInfo": [],
    "bodySpecialInfo": [],
    "leggingsSpecialInfo": [],
    "bootsSpecialInfo": [],
    "helmetModelName": "Default",
    "helmetModelPart": "Helmet",
    "helmetModelTexture": "From armor",
    "bodyModelName": "Default",
    "bodyModelPart": "Body",
    "armsModelPartL": "Arms L",
    "armsModelPartR": "Arms R",
    "bodyModelTexture": "From armor",
    "leggingsModelName": "Default",
    "leggingsModelPartL": "Leggings L",
    "leggingsModelPartR": "Leggings R",
    "leggingsModelTexture": "From armor",
    "bootsModelName": "Default",
    "bootsModelPartL": "Boots L",
    "bootsModelPartR": "Boots R",
    "bootsModelTexture": "From armor",
    "helmetImmuneToFire": false,
    "bodyImmuneToFire": false,
    "leggingsImmuneToFire": false,
    "bootsImmuneToFire": false,
    "maxDamage": 9,
    "damageValueHelmet": 1,
    "damageValueBody": 3,
    "damageValueLeggings": 4,
    "damageValueBoots": 1,
    "enchantability": 5,
    "toughness": 0.0,
    "knockbackResistance": 0.0,
    "equipSound": {
      "value": ""
    },
    "repairItems": [
      {
        "value": "CUSTOM:Eternal"
      }
    ]
  }
}