{
  "_fv": 28,
  "_type": "recipe",
  "definition": {
    "recipeType": "Crafting",
    "xpReward": 0.0,
    "cookingTime": 200,
    "recipeRetstackSize": 1,
    "group": "",
    "recipeShapeless": false,
    "recipeSlots": [
      {
        "value": "CUSTOM:IceShell"
      },
      {
        "value": "CUSTOM:IceShell"
      },
      {
        "value": "CUSTOM:IceShell"
      },
      {
        "value": "CUSTOM:IceShell"
      },
      {
        "value": "CUSTOM:MysticePortalFrame"
      },
      {
        "value": "CUSTOM:IceShell"
      },
      {
        "value": "CUSTOM:IceShell"
      },
      {
        "value": "CUSTOM:IceShell"
      },
      {
        "value": "CUSTOM:IceShell"
      }
    ],
    "recipeReturnStack": {
      "value": "CUSTOM:IceBeastSummoner"
    },
    "name": "ice_beast_summoner_recipe",
    "namespace": "mod"
  }
}