{
  "_fv": 28,
  "_type": "dimension",
  "definition": {
    "biomesInDimension": [
      {
        "value": "CUSTOM:AphliceBiome"
      },
      {
        "value": "CUSTOM:AphliceCaves"
      }
    ],
    "worldGenType": "Normal world gen",
    "mainFillerBlock": {
      "value": "Blocks.SNOW"
    },
    "fluidBlock": {
      "value": "Blocks.ICE"
    },
    "airColor": {
      "value": -3147265,
      "falpha": 0.0
    },
    "canRespawnHere": false,
    "hasFog": true,
    "isDark": false,
    "doesWaterVaporize": false,
    "sleepResult": "ALLOW",
    "hasSkyLight": true,
    "imitateOverworldBehaviour": false,
    "portalFrame": {
      "value": "CUSTOM:MysticePortalFrame"
    },
    "portalParticles": {
      "value": "SNOWFLAKE"
    },
    "portalLuminance": 1,
    "portalSound": {
      "value": "block.portal.ambient"
    },
    "igniterName": "Aphlice Wand",
    "igniterTab": {
      "value": "TOOLS"
    },
    "texture": "aphlice_wand_tex",
    "portalTexture": "mystice_portal_tex_1",
    "enablePortal": true
  }
}