{
  "_fv": 33,
  "_type": "block",
  "definition": {
    "texture": "aphlice_tex_2",
    "textureTop": "aphlice_tex_2",
    "textureLeft": "aphlice_tex_1",
    "textureFront": "aphlice_tex_1",
    "textureRight": "aphlice_tex_1",
    "textureBack": "aphlice_tex_1",
    "renderType": 10,
    "customModelName": "Normal",
    "rotationMode": 0,
    "enablePitch": false,
    "emissiveRendering": false,
    "displayFluidOverlay": true,
    "itemTexture": "",
    "particleTexture": "",
    "tintType": "Water",
    "isItemTinted": false,
    "hasTransparency": true,
    "connectedSides": true,
    "transparencyType": "TRANSLUCENT",
    "disableOffset": false,
    "boundingBoxes": [
      {
        "mx": 0.0,
        "my": 0.0,
        "mz": 0.0,
        "Mx": 16.0,
        "My": 16.0,
        "Mz": 16.0,
        "subtract": false
      }
    ],
    "name": "Aphlice",
    "specialInfo": [],
    "hardness": 1.25,
    "resistance": 10.0,
    "hasGravity": false,
    "isWaterloggable": false,
    "creativeTab": {
      "value": "BUILDING_BLOCKS"
    },
    "destroyTool": "Not specified",
    "customDrop": {
      "value": ""
    },
    "dropAmount": 1,
    "useLootTableForDrops": false,
    "requiresCorrectTool": false,
    "enchantPowerBonus": 0.5,
    "plantsGrowOn": false,
    "canRedstoneConnect": false,
    "lightOpacity": 7,
    "material": {
      "value": "ICE"
    },
    "tickRate": 10,
    "tickRandomly": false,
    "isReplaceable": false,
    "canProvidePower": false,
    "emittedRedstonePower": {
      "fixedValue": 15.0
    },
    "colorOnMap": "DEFAULT",
    "creativePickItem": {
      "value": ""
    },
    "offsetType": "NONE",
    "aiPathNodeType": "DEFAULT",
    "beaconColorModifier": {
      "value": -11763841,
      "falpha": 0.0
    },
    "flammability": 0,
    "fireSpreadSpeed": 0,
    "isLadder": false,
    "slipperiness": 0.89,
    "speedFactor": 1.0,
    "jumpFactor": 1.0,
    "reactionToPushing": "NORMAL",
    "isNotColidable": false,
    "isCustomSoundType": false,
    "soundOnStep": {
      "value": "GLASS"
    },
    "breakSound": {
      "value": ""
    },
    "fallSound": {
      "value": ""
    },
    "hitSound": {
      "value": ""
    },
    "placeSound": {
      "value": ""
    },
    "stepSound": {
      "value": ""
    },
    "luminance": 2,
    "unbreakable": false,
    "breakHarvestLevel": 1,
    "spawnParticles": false,
    "particleToSpawn": {
      "value": "SNOWFLAKE"
    },
    "particleSpawningShape": "Spread",
    "particleSpawningRadious": 0.5,
    "particleAmount": 4,
    "hasInventory": false,
    "guiBoundTo": "<NONE>",
    "openGUIOnRightClick": false,
    "inventorySize": 9,
    "inventoryStackSize": 64,
    "inventoryDropWhenDestroyed": true,
    "inventoryComparatorPower": true,
    "inventoryOutSlotIDs": [],
    "inventoryInSlotIDs": [],
    "hasEnergyStorage": false,
    "energyInitial": 0,
    "energyCapacity": 400000,
    "energyMaxReceive": 200,
    "energyMaxExtract": 200,
    "isFluidTank": false,
    "fluidCapacity": 8000,
    "fluidRestrictions": [],
    "spawnWorldTypes": [
      "Surface"
    ],
    "restrictionBiomes": [
      {
        "value": "CUSTOM:AphliceBiome"
      },
      {
        "value": "CUSTOM:AphliceCaves"
      }
    ],
    "blocksToReplace": [
      {
        "value": "Blocks.WATER"
      },
      {
        "value": "Blocks.FLOWING_WATER"
      },
      {
        "value": "CUSTOM:ColdiumOre"
      },
      {
        "value": "Blocks.SNOW"
      },
      {
        "value": "Blocks.DRIPSTONE_BLOCK"
      },
      {
        "value": "Blocks.POINTED_DRIPSTONE"
      }
    ],
    "generationShape": "TRIANGLE",
    "frequencyPerChunks": 10,
    "frequencyOnChunk": 32,
    "minGenerateHeight": -2032,
    "maxGenerateHeight": 2016
  }
}