{
  "_fv": 33,
  "_type": "armor",
  "definition": {
    "enableHelmet": true,
    "textureHelmet": "coldium_head",
    "enableBody": true,
    "textureBody": "coldium_body",
    "enableLeggings": true,
    "textureLeggings": "coldium_leggings",
    "enableBoots": true,
    "textureBoots": "coldium_boots",
    "creativeTab": {
      "value": "COMBAT"
    },
    "armorTextureFile": "coldium",
    "helmetName": "Coldium Helmet",
    "bodyName": "Coldium Chestplate",
    "leggingsName": "Coldium Leggings",
    "bootsName": "Coldium Boots",
    "helmetSpecialInfo": [],
    "bodySpecialInfo": [],
    "leggingsSpecialInfo": [],
    "bootsSpecialInfo": [],
    "helmetModelName": "Default",
    "helmetModelPart": "Helmet",
    "helmetModelTexture": "From armor",
    "bodyModelName": "Default",
    "bodyModelPart": "Body",
    "armsModelPartL": "Arms L",
    "armsModelPartR": "Arms R",
    "bodyModelTexture": "From armor",
    "leggingsModelName": "Default",
    "leggingsModelPartL": "Leggings L",
    "leggingsModelPartR": "Leggings R",
    "leggingsModelTexture": "From armor",
    "bootsModelName": "Default",
    "bootsModelPartL": "Boots L",
    "bootsModelPartR": "Boots R",
    "bootsModelTexture": "From armor",
    "helmetImmuneToFire": false,
    "bodyImmuneToFire": false,
    "leggingsImmuneToFire": false,
    "bootsImmuneToFire": false,
    "maxDamage": 30,
    "damageValueHelmet": 4,
    "damageValueBody": 10,
    "damageValueLeggings": 12,
    "damageValueBoots": 4,
    "enchantability": 18,
    "toughness": 0.0,
    "knockbackResistance": 0.0,
    "equipSound": {
      "value": ""
    },
    "repairItems": [
      {
        "value": "CUSTOM:ColdiumIngot"
      },
      {
        "value": "CUSTOM:IceShell"
      }
    ]
  }
}