{
  "_fv": 33,
  "_type": "potion",
  "definition": {
    "potionName": "Potion of Eternal Hero",
    "splashName": "Splash Potion of Eternal Hero",
    "lingeringName": "Lingering Potion of Eternal Hero",
    "arrowName": "Arrow of Eternal Hero",
    "effects": [
      {
        "effect": {
          "value": "CUSTOM:EternalHero"
        },
        "duration": 3600,
        "amplifier": 1,
        "ambient": false,
        "showParticles": true
      },
      {
        "effect": {
          "value": "SPEED"
        },
        "duration": 3600,
        "amplifier": 1,
        "ambient": false,
        "showParticles": false
      },
      {
        "effect": {
          "value": "STRENGTH"
        },
        "duration": 3600,
        "amplifier": 1,
        "ambient": false,
        "showParticles": false
      }
    ]
  }
}