{
  "_fv": 33,
  "_type": "tag",
  "definition": {
    "type": "Items",
    "items": [
      {
        "value": "CUSTOM:Eternal"
      },
      {
        "value": "CUSTOM:EternalPickaxe"
      },
      {
        "value": "CUSTOM:EternalAxe"
      },
      {
        "value": "CUSTOM:EternalSword"
      },
      {
        "value": "CUSTOM:EternalShovel"
      },
      {
        "value": "CUSTOM:EternalHoe"
      },
      {
        "value": "CUSTOM:EternalArmor.helmet"
      },
      {
        "value": "CUSTOM:EternalArmor.body"
      },
      {
        "value": "CUSTOM:EternalArmor.legs"
      },
      {
        "value": "CUSTOM:EternalArmor.boots"
      },
      {
        "value": "CUSTOM:EternalRod"
      },
      {
        "value": "CUSTOM:EternalWoodWood"
      },
      {
        "value": "CUSTOM:EternalWoodLog"
      },
      {
        "value": "CUSTOM:EternalWoodPlanks"
      },
      {
        "value": "CUSTOM:EternalWoodLeaves"
      },
      {
        "value": "CUSTOM:EternalWoodStairs"
      },
      {
        "value": "CUSTOM:EternalWoodSlab"
      },
      {
        "value": "CUSTOM:EternalWoodFence"
      },
      {
        "value": "CUSTOM:EternalWoodFenceGate"
      },
      {
        "value": "CUSTOM:EternalWoodPressurePlate"
      },
      {
        "value": "CUSTOM:EternalWoodButton"
      }
    ],
    "blocks": [],
    "functions": [],
    "entities": [],
    "name": "eternal_guardian_provoking",
    "namespace": "forge"
  }
}