{
  "_fv": 33,
  "_type": "rangeditem",
  "definition": {
    "renderType": 0,
    "texture": "mystice_staff_tex",
    "customModelName": "Normal",
    "name": "Mystice Staff",
    "specialInfo": [],
    "creativeTab": {
      "value": "COMBAT"
    },
    "stackSize": 1,
    "ammoItem": {
      "value": "CUSTOM:ColdiumNugget"
    },
    "shootConstantly": false,
    "usageCount": 250,
    "actionSound": {
      "value": "block.basalt.hit"
    },
    "hasGlow": false,
    "animation": "block",
    "enableMeleeDamage": true,
    "damageVsEntity": 6.0,
    "bulletPower": 1.5,
    "bulletDamage": 5.0,
    "bulletKnockback": 5,
    "bulletParticles": false,
    "bulletIgnitesFire": false,
    "bulletItemTexture": {
      "value": "Items.SNOWBALL"
    },
    "bulletModel": "Default",
    "customBulletModelTexture": ""
  }
}