{
  "_fv": 33,
  "_type": "armor",
  "definition": {
    "enableHelmet": true,
    "textureHelmet": "mystium_head",
    "enableBody": true,
    "textureBody": "mystium_body",
    "enableLeggings": true,
    "textureLeggings": "mystium_leggings",
    "enableBoots": true,
    "textureBoots": "mystium_boots",
    "creativeTab": {
      "value": "COMBAT"
    },
    "armorTextureFile": "mystium",
    "helmetName": "Mystium Helmet",
    "bodyName": "Mystium Chestplate",
    "leggingsName": "Mystium Leggings",
    "bootsName": "Mystium Boots",
    "helmetSpecialInfo": [],
    "bodySpecialInfo": [],
    "leggingsSpecialInfo": [],
    "bootsSpecialInfo": [],
    "helmetModelName": "Default",
    "helmetModelPart": "Helmet",
    "helmetModelTexture": "From armor",
    "bodyModelName": "Default",
    "bodyModelPart": "Body",
    "armsModelPartL": "Arms L",
    "armsModelPartR": "Arms R",
    "bodyModelTexture": "From armor",
    "leggingsModelName": "Default",
    "leggingsModelPartL": "Leggings L",
    "leggingsModelPartR": "Leggings R",
    "leggingsModelTexture": "From armor",
    "bootsModelName": "Default",
    "bootsModelPartL": "Boots L",
    "bootsModelPartR": "Boots R",
    "bootsModelTexture": "From armor",
    "helmetImmuneToFire": false,
    "bodyImmuneToFire": false,
    "leggingsImmuneToFire": false,
    "bootsImmuneToFire": false,
    "maxDamage": 60,
    "damageValueHelmet": 8,
    "damageValueBody": 20,
    "damageValueLeggings": 24,
    "damageValueBoots": 8,
    "enchantability": 36,
    "toughness": 0.0,
    "knockbackResistance": 0.0,
    "equipSound": {
      "value": ""
    },
    "repairItems": [
      {
        "value": "CUSTOM:MystiumIngot"
      }
    ]
  }
}