{
  "_fv": 33,
  "_type": "recipe",
  "definition": {
    "recipeType": "Smithing",
    "xpReward": 0.0,
    "cookingTime": 200,
    "recipeRetstackSize": 1,
    "group": "",
    "recipeShapeless": false,
    "smithingInputStack": {
      "value": "Items.DIAMOND_HELMET"
    },
    "smithingInputAdditionStack": {
      "value": "CUSTOM:MystiumIngot"
    },
    "smithingReturnStack": {
      "value": "CUSTOM:MystiumArmor.helmet"
    },
    "name": "mystium_armor_helmet_recipe",
    "namespace": "mod"
  }
}