{
  "_fv": 33,
  "_type": "structure",
  "definition": {
    "structure": "ruined_mystice_portal_1",
    "randomlyRotateStructure": true,
    "surfaceDetectionType": "First motion blocking block",
    "spawnProbability": 1000,
    "minCountPerChunk": 1,
    "maxCountPerChunk": 1,
    "spawnLocation": "Ground",
    "spawnHeightOffset": -1,
    "spawnXOffset": 0,
    "spawnZOffset": 0,
    "spawnWorldTypes": [
      "Surface",
      "CUSTOM:MysticeDimension"
    ],
    "restrictionBlocks": [],
    "restrictionBiomes": [],
    "ignoreBlocks": "AIR_AND_STRUCTURE_BLOCK"
  }
}